{
  "posts": [
    {
      "id": "1002",
      "image": "../assets/i.jpg",
      "name": "Iphone 14 pro max",
      "brand": "Iphone",
      "price": "700000",
      "ram": "5gb",
      "memory": "128gb",
      "colour": "Grey"
    },
    {
      "id": "1001",
      "image": "../assets/nokia.jpg",
      "name": "G-21",
      "brand": "Nokia",
      "price": "56000",
      "ram": "4GB",
      "memory": "64GB",
      "colour": "Grey"
    },
    {
      "id": "1003",
      "image": "../assets/vivo.png",
      "name": "Y-21",
      "brand": "vivo",
      "price": "50000",
      "ram": "5GB",
      "memory": "128GB",
      "colour": "Black"
    },
    {
      "id": "1004",
      "image": "../assets/samsung.jpg",
      "name": "A-53",
      "brand": "Samsung",
      "price": "50000",
      "ram": "5GB",
      "memory": "128GB",
      "colour": "Black"
    }
  ],
  "comments": [],
  "profile": {
    "name": "typicode"
  }
}